Group,Age,Page,Region,Parent,Family,Edu,Sex,Job,School,Play,Lesson,sleep,Beh,Hyp,Emo,Peer,Pro
1,5,44,33,2,3,3,2,5,5,0.5,0.214285714,10,3,3,1,1,4
1,5,43,13,2,4,3,1,0,5,0.035714286,0,10,1,2,0,1,5
1,5,52,25,1,3,4,1,5,5,0.107142857,0.5,11,2,4,0,2,6
1,9,40,21,2,4,2,1,5,5,0.5,0.214285714,9,1,2,0,2,5
1,9,34,13,2,4,4,1,5,5,0.214285714,0.5,10,1,2,0,3,5
1,6,26,28,2,9,2,2,0,5,0.5,0,9.5,1,6,0,2,7
1,4,39,14,2,4,2,1,0,5,1,0,10,4,7,1,2,2
1,7,42,13,2,4,2,2,0,5,0.035714286,0.214285714,10,6,8,5,4,2
1,8,39,23,2,3,4,1,5,5,1,0.035714286,9.5,1,0,0,1,10
1,7,38,4,2,4,3,1,5,5,0.214285714,0.214285714,8.5,4,5,4,4,4
1,6,37,23,2,4,4,1,0,5,0.5,0,9,2,4,3,0,2
1,7,40,27,2,4,4,1,0,5,1,0.214285714,10,1,0,0,2,10
1,8,42,11,2,3,5,2,0,5,0.107142857,0.035714286,8.5,4,5,0,3,2
1,7,40,1,2,4,3,2,5,5,0.214285714,0.214285714,9.5,2,4,0,1,4
1,8,46,37,1,4,4,2,5,5,0.071428571,0.428571429,7.5,3,7,3,5,2
1,6,36,14,2,4,4,1,5,5,1,2,10,0,2,1,1,10
1,6,38,19,2,4,3,2,5,5,0.035714286,0.214285714,9,3,5,7,0,8
1,5,45,29,2,4,3,2,0,5,0.107142857,0.214285714,9,0,0,0,1,10
1,8,61,14,1,4,4,2,5,5,0.214285714,0.107142857,9,3,8,0,2,5
1,6,67,26,2,6,2,1,5,5,1.5,0.214285714,9.5,1,4,0,1,3
1,5,45,12,2,5,4,1,5,5,1,0,9,1,5,0,3,5
1,9,42,33,2,5,3,2,5,5,0.035714286,0,7,3,1,0,1,7
1,4,28,26,2,4,3,2,5,5,2,0,10.5,0,2,3,3,6
1,5,43,34,2,3,2,1,5,5,0.035714286,0,9.5,4,2,2,4,3
1,4,43,22,2,4,4,1,5,5,0.5,0,9.5,2,2,0,2,3
1,5,45,27,2,5,2,2,0,5,1,0,9,1,3,1,2,7
1,9,46,6,2,5,4,2,0,5,0.214285714,1,9,2,1,0,2,3
1,5,35,27,2,6,4,1,5,5,3,0.214285714,10,1,2,0,2,4
1,8,33,29,2,5,4,1,0,5,2,0,9.5,7,8,5,2,10
1,6,37,38,2,5,4,1,5,5,1,0.035714286,10,0,2,0,0,8
1,5,44,14,2,6,1,2,0,5,1,0,10,2,3,0,0,5
1,9,42,36,2,4,2,2,0,5,0.428571429,0.214285714,9.5,0,1,4,6,9
1,6,45,13,1,3,4,2,5,5,1,0.107142857,8.5,1,2,1,2,6
1,9,33,16,2,5,4,1,5,5,0.214285714,1,9,1,4,0,1,3
1,6,36,8,2,4,2,2,5,5,1,0.214285714,9.5,2,2,3,2,10
1,8,39,27,2,4,2,1,5,5,0.214285714,0.5,9,1,3,0,1,6
1,9,37,28,2,4,4,1,5,5,0.428571429,0.5,8.5,2,3,2,1,5
1,7,35,13,2,4,3,1,0,5,0.428571429,0.428571429,10,5,8,7,4,2
1,4,33,25,2,5,4,2,5,5,2,0.214285714,11,2,5,1,2,3
1,4,46,11,2,3,2,1,5,5,0.5,0,10,2,2,7,7,9
1,7,40,42,2,5,3,2,5,5,1,0.214285714,9,4,6,0,3,5
1,9,43,23,2,4,4,2,5,5,0.071428571,0.214285714,9,3,7,3,2,5
1,4,26,13,2,6,4,1,5,5,2,0.214285714,10.5,1,4,0,0,1
1,8,46,16,2,4,3,2,0,5,1,0.214285714,8.5,1,3,2,3,6
1,5,39,3,2,4,2,2,5,0,0.5,0,10.5,3,4,0,5,0
1,9,46,23,2,2,2,2,5,5,0.214285714,0.214285714,9,4,5,4,5,4
1,9,41,1,2,4,4,2,5,5,0.428571429,0.214285714,9.5,5,4,0,3,4
1,6,41,1,2,5,4,1,5,5,5,0.5,9.5,2,2,3,2,9
1,5,41,11,2,4,3,1,5,5,0.5,0.107142857,8,2,7,3,1,4
1,9,35,21,2,4,3,2,5,5,0.035714286,0.214285714,9,1,4,0,2,6
1,4,29,27,2,3,3,2,5,5,0.5,0,8.5,7,5,5,5,5
1,9,39,14,2,3,4,2,5,5,0.214285714,0.214285714,9,2,4,0,0,2
1,7,41,3,2,4,3,1,5,5,1,0.214285714,8.5,4,4,3,4,5
1,7,46,41,1,4,4,1,5,5,0.214285714,0.428571429,8,1,7,2,2,4
1,8,44,14,2,4,3,1,0,5,1,0,9,3,5,1,2,9
1,7,37,20,2,3,3,2,5,5,0.071428571,0,9,3,4,8,6,4
1,4,37,12,2,3,4,2,5,5,1,0.214285714,9.5,0,4,4,3,6
1,4,30,21,2,6,3,2,0,0,1,0,9,4,5,2,0,9
1,6,37,21,2,4,5,2,0,5,1,0.5,9,1,1,7,4,9
1,8,41,13,2,3,3,2,0,5,1,0.642857143,10.5,2,3,2,2,5
1,7,39,27,2,4,3,1,5,5,0.214285714,2,8.5,2,3,2,0,7
1,9,39,11,2,3,3,1,5,5,0.5,0.25,8,3,5,0,0,10
1,8,46,26,1,4,4,2,5,5,0.5,0.107142857,9,3,5,1,2,3
1,5,29,12,2,4,2,2,5,5,2,0,9.5,2,3,0,1,6
1,5,33,23,2,4,4,1,0,5,1,0,10.5,2,1,2,1,6
1,4,40,33,2,5,3,1,5,5,0.107142857,0.214285714,7,1,2,0,0,9
1,4,42,23,2,5,3,2,5,5,1,0,9.5,2,2,0,0,8
1,9,41,42,2,4,2,2,5,5,0.214285714,0.214285714,9.5,2,5,1,1,8
1,4,39,13,2,3,3,2,5,5,1,0,8.5,2,3,5,3,9
1,9,46,39,2,3,3,2,5,5,1,0.5,8.5,3,7,1,3,1
1,8,47,16,2,4,2,1,5,5,0.25,0.428571429,8,3,3,3,1,3
1,7,43,23,2,4,4,2,0,5,0.5,0.214285714,9.5,0,1,3,2,6
1,8,42,28,2,4,3,1,0,5,0.642857143,0.5,8.5,1,2,0,0,8
1,8,42,21,2,3,2,1,5,5,0.071428571,0.214285714,9,1,3,2,3,2
1,8,41,23,2,4,3,1,0,5,0.428571429,0.214285714,9.5,3,4,2,5,5
1,8,38,1,2,4,4,1,5,5,0.071428571,2,9,2,1,0,0,8
1,7,33,13,2,4,2,2,0,5,0.071428571,0.5,9,0,0,0,4,8
1,6,44,13,2,4,3,1,5,5,1,0.214285714,9.5,5,6,0,1,4
1,8,41,11,2,4,4,1,0,5,0.5,0.214285714,9.5,6,9,1,2,2
1,8,44,14,2,3,4,2,0,5,0.25,0.5,9.5,1,3,2,4,3
1,4,27,13,2,3,2,2,5,5,0.035714286,0,9,4,6,2,1,7
1,8,49,14,2,3,3,1,5,5,3,0.214285714,10,5,8,2,1,5
1,5,34,23,2,3,4,2,5,5,1,0.5,10,2,5,6,5,5
1,7,44,34,2,4,2,1,5,5,0.5,0.5,9,3,5,1,3,5
1,6,42,13,2,3,4,1,0,5,0.107142857,0.25,9.5,7,9,3,5,6
1,7,40,14,2,3,4,2,0,5,0.107142857,1,10,4,4,2,5,1
1,8,33,28,2,4,2,2,5,5,0.214285714,0.214285714,9.5,3,3,3,0,5
1,8,41,43,2,4,5,2,0,5,1,0.5,8.5,1,2,3,3,5
1,8,42,28,2,4,4,2,5,5,0.107142857,0.5,8.5,1,2,1,0,7
1,6,32,35,2,3,2,2,5,5,0.5,1,9.5,7,5,7,5,7
1,8,41,13,2,5,4,2,5,5,0.5,0.214285714,9,4,7,4,2,4
1,9,37,22,2,4,4,1,5,5,0.25,0.428571429,9,0,2,0,1,6
1,5,41,27,2,4,3,2,5,5,1,0.214285714,9,1,6,2,4,5
1,5,40,8,2,3,3,2,0,5,1,0.035714286,11,1,3,3,2,6
1,6,52,13,1,3,2,2,0,5,0,0,10,1,1,0,6,5
1,9,32,21,2,4,2,2,5,5,0,0,8,4,5,2,2,3
1,4,32,33,2,4,2,1,0,5,0.5,0,10.5,4,7,4,8,0
1,4,47,25,1,5,3,2,5,5,0.5,0,9,4,3,4,3,3
1,5,34,23,2,2,3,2,5,5,1,0,9.5,3,4,1,0,4
1,5,39,7,2,2,1,2,5,5,1,0,6.5,6,8,5,4,1
1,6,38,23,2,2,3,1,5,5,1,0,9,2,4,2,1,6
1,9,43,14,2,4,4,2,0,5,1,0.428571429,10.5,2,2,0,2,4
1,6,39,13,2,4,4,2,0,5,0.5,0.214285714,9.5,2,2,0,3,4
1,6,44,27,2,4,2,2,5,5,0.214285714,0,8,3,2,2,2,4
1,4,35,15,2,5,4,1,5,5,1,0,9,0,4,1,1,9
1,7,33,12,2,6,2,2,0,5,1,0.5,9.5,5,7,2,5,1
1,4,39,19,2,3,3,2,0,5,1,0.071428571,9.5,0,4,0,1,6
1,6,46,28,1,4,4,2,5,5,0.035714286,0,9.5,1,3,0,4,2
1,7,44,13,2,4,3,2,0,5,1,1.5,9,2,7,8,8,8
1,4,35,12,2,4,4,1,5,5,0.5,0,9.5,5,6,2,0,6
1,6,43,23,2,3,4,1,5,5,0.428571429,0.428571429,9,2,1,0,0,5
1,7,40,27,2,4,3,2,0,5,0.428571429,0.214285714,10.5,2,5,3,1,9
1,7,37,13,2,4,5,2,5,5,0.107142857,0.107142857,9,3,5,5,2,7
1,5,35,7,2,3,4,1,0,5,2,0.5,10,3,4,1,1,4
1,5,39,5,2,4,3,2,5,5,0.5,0.107142857,9,1,4,2,1,5
1,4,39,1,1,4,2,1,0,5,2,0,9,2,5,4,2,4
1,8,44,40,2,4,4,2,0,5,0.214285714,1,9,4,4,2,4,2
1,6,47,21,2,3,4,2,0,5,0.214285714,0.107142857,9.5,0,1,4,3,10
1,4,42,12,2,4,3,1,0,5,0.214285714,0,8.5,4,4,2,4,6
1,8,47,23,2,4,4,1,5,5,0.428571429,1,9,3,9,4,2,6
1,4,37,22,2,5,4,2,0,5,0.107142857,0,10,4,6,3,1,3
1,6,47,40,1,3,4,1,5,5,0.5,0.214285714,7.5,2,2,0,0,9
1,4,39,23,2,3,3,1,0,5,0.5,0,9.5,4,4,5,1,4
1,4,32,13,2,3,4,1,0,5,0.5,0.214285714,10,1,0,6,3,7
1,8,39,23,2,4,3,1,5,5,0.428571429,0.214285714,8.5,1,2,3,3,3
1,4,39,27,2,4,3,2,0,5,0.035714286,0,9.5,3,3,0,2,2
1,4,42,2,1,5,4,1,5,5,1,0,10,2,4,0,3,6
1,7,32,28,2,4,3,1,5,5,0.428571429,0.214285714,9.5,3,3,2,2,4
1,4,39,34,2,4,4,1,0,5,1,0.214285714,10,0,8,0,2,1
1,6,32,14,2,3,4,2,0,5,0.428571429,0.5,9.5,1,2,3,2,7
1,7,38,38,2,5,4,1,5,5,0.5,0.214285714,8.5,5,9,5,3,1
1,9,41,22,2,6,3,1,5,5,0.214285714,1,9,2,3,1,1,5
1,6,41,16,2,6,2,1,0,5,0.5,1,9.5,2,5,4,3,6
1,6,35,2,2,3,2,1,5,5,0.214285714,0.214285714,9.5,0,8,2,4,9
1,8,44,21,2,4,2,1,0,5,0.5,0,9,2,1,3,0,10
1,8,44,13,2,4,3,1,0,5,2,0.214285714,9.5,4,4,3,1,2
1,9,44,41,2,3,5,1,5,5,0.035714286,0.25,8.5,4,6,5,2,8
1,4,46,23,2,4,2,2,0,5,0.642857143,0,10.5,3,0,0,1,4
1,7,39,13,1,4,4,2,5,5,0.5,0,10.5,4,5,5,5,4
1,6,49,6,1,5,5,1,5,5,1,0.107142857,9.5,4,5,0,0,5
1,9,43,27,2,6,3,2,0,5,0.214285714,0.107142857,9,2,3,3,1,7
1,7,43,13,2,5,4,1,0,5,0.428571429,0.214285714,9,4,5,4,2,7
1,8,38,23,2,4,3,2,0,5,0.035714286,0.214285714,9.5,3,3,5,5,5
1,8,35,4,2,4,3,1,5,5,0.107142857,0.428571429,9.5,2,3,0,2,5
1,8,43,12,2,3,3,1,5,5,1,0.214285714,9,4,4,1,4,8
1,7,28,27,2,4,3,2,0,5,0.5,1,10,1,4,0,4,5
1,5,42,23,2,5,4,1,0,5,0.5,0.214285714,10,0,2,4,3,5
1,6,37,11,2,4,2,2,0,5,0.214285714,0.214285714,10.5,1,3,2,1,6
1,8,45,33,2,5,4,2,0,5,0.214285714,0.214285714,8.5,1,1,0,1,8
1,6,34,24,2,3,3,2,5,5,0.107142857,0.428571429,10,3,5,3,2,6
1,9,44,31,2,4,2,2,0,5,0.5,0.25,9.5,1,0,0,0,9
1,6,40,11,2,4,3,2,0,5,1,0.428571429,8.5,4,6,3,2,7
1,4,37,13,2,4,4,2,0,5,1,0.214285714,11.5,2,2,0,1,5
1,4,35,13,2,2,3,2,5,5,2,0.214285714,10,1,4,0,3,6
1,8,46,34,1,4,4,2,5,5,0.428571429,0,7.5,4,6,0,3,2
1,8,49,14,1,3,3,1,5,5,0.107142857,0.107142857,8.5,2,2,1,0,7
1,8,44,22,2,3,3,2,5,5,0.107142857,0.214285714,9.5,0,1,0,1,9
1,8,38,9,2,4,4,2,0,5,0.035714286,0,9.5,1,2,5,3,7
1,7,26,40,2,3,1,2,5,5,1,0,9.5,6,10,4,0,10
1,8,35,33,2,4,4,1,5,5,2,0.25,10,2,2,0,1,6
1,9,40,28,1,4,4,2,5,5,0.5,0.5,9,1,2,3,1,5
1,6,33,14,2,4,3,2,0,5,0.5,0.214285714,10,1,1,0,0,7
1,5,35,20,2,5,3,1,0,5,0.214285714,0,10,3,6,4,1,8
1,7,36,37,2,4,3,2,5,5,0.035714286,0.428571429,9,3,6,2,5,3
1,6,37,27,2,3,4,1,0,5,0.035714286,0.25,10.5,0,1,2,4,9
1,5,35,28,2,2,3,2,5,5,2,0,9.5,1,5,1,0,6
1,8,39,11,2,3,3,2,0,5,0.035714286,0,9,1,7,1,2,7
1,7,42,22,2,4,4,2,0,5,0.214285714,0.5,10.5,0,2,1,0,5
1,5,38,23,2,6,3,2,5,5,0.5,1,10,0,0,1,0,8
1,8,51,13,2,4,4,1,0,5,0.642857143,0.5,9,6,10,7,0,6
1,9,41,35,2,4,4,2,5,5,0.035714286,0.035714286,10,2,4,0,4,0
1,8,34,40,2,5,4,2,0,5,0,0.214285714,9.5,0,1,3,0,8
1,7,37,14,2,3,4,1,5,5,0.5,0,9,2,2,1,3,2
1,7,32,26,2,3,4,2,5,5,1,0.214285714,9.5,6,6,5,5,6
1,5,36,11,2,3,3,2,0,5,1,0.214285714,10.5,1,5,1,0,6
1,7,43,37,2,4,2,1,5,5,0.428571429,0,9,3,6,1,2,6
1,7,38,42,2,4,2,1,5,5,0.142857143,0.214285714,9,2,5,1,3,4
1,4,40,12,2,4,4,2,5,5,0.5,0,8.5,1,2,1,2,6
1,7,37,28,2,3,4,2,5,5,0.107142857,1,9.5,0,3,1,5,3
1,5,35,27,2,4,4,1,0,5,0.5,0.107142857,11,1,2,1,3,6
1,9,43,1,2,4,3,1,0,5,0.5,0.214285714,9,4,4,0,2,1
1,7,38,14,2,4,3,2,5,5,0,0.5,9,4,3,0,0,7
1,6,37,27,2,3,4,1,0,5,0.214285714,0.214285714,10.5,1,2,0,1,6
1,4,41,33,2,4,4,1,0,5,0.107142857,0.5,11,2,4,8,0,6
1,9,37,20,2,4,3,1,0,5,0.071428571,0.214285714,8,7,6,4,6,6
1,8,43,18,1,4,4,1,5,5,0.107142857,0.107142857,9,4,5,6,2,5
1,8,42,13,2,4,4,2,5,5,0.5,0.5,9,2,2,3,5,5
1,8,47,28,2,5,4,1,0,5,0.25,0.25,9,2,2,0,1,6
1,6,35,8,2,3,1,1,5,5,0.035714286,1,9,2,2,6,5,5
1,8,45,3,2,3,2,1,0,5,0.142857143,0.214285714,8.5,4,5,5,1,4
1,4,34,22,2,5,3,2,0,5,1,0.214285714,10.5,1,1,4,1,8
1,7,43,9,2,4,4,2,0,5,0,0.107142857,10,4,3,2,1,5
1,5,45,12,2,3,4,2,0,5,0.5,0.214285714,9.5,1,2,1,3,4
1,6,40,7,2,6,3,1,0,5,0,0,9.5,5,5,0,5,2
1,8,39,23,2,3,4,1,5,5,0.107142857,0.5,9,0,0,0,0,9
1,7,43,12,2,4,3,1,0,5,1,1,8,3,4,1,2,4
1,7,37,34,2,4,3,2,5,5,1,0.5,9.5,4,1,3,3,5
1,6,29,39,2,5,4,1,5,5,3,1,9,4,6,5,3,6
1,4,42,12,2,3,2,2,0,5,0.5,0,11.5,3,5,6,4,7
1,6,35,33,2,4,3,2,0,5,1,0.107142857,9,1,7,0,1,7
1,4,45,24,2,3,3,2,0,5,0.5,0,8,1,3,0,0,3
1,8,40,28,2,4,3,2,0,5,0.214285714,0.428571429,10,1,4,1,0,9
1,9,35,24,2,3,2,1,5,5,0.107142857,0.107142857,9,1,4,0,3,6
1,5,43,14,2,3,3,1,0,5,0.428571429,0.214285714,10.5,3,5,2,1,6
1,5,34,23,2,4,4,1,5,5,0.5,0.214285714,11,1,4,0,3,4
1,5,43,23,2,3,5,1,0,5,2,0.5,11.5,2,2,3,6,0
1,7,28,23,1,3,4,1,5,5,0.428571429,0.214285714,9.5,2,2,3,3,5
1,7,36,36,2,3,4,2,0,5,0.107142857,1,9.5,1,2,2,1,5
1,8,45,28,2,3,4,2,5,5,1,0.5,9.5,1,4,0,1,8
1,4,40,18,2,4,4,1,5,5,0.107142857,0,9,5,8,2,2,1
1,7,38,33,1,3,5,1,5,5,0.107142857,1,8.5,1,2,0,1,8
1,7,45,13,2,3,4,2,0,5,0.214285714,0.071428571,8.5,1,2,0,0,7
1,7,33,27,2,5,3,1,0,5,0.107142857,0,9,1,6,5,3,3
1,9,36,38,2,3,3,1,5,5,1,0.107142857,9.5,2,7,3,1,8
1,5,42,28,2,4,4,1,5,5,0.107142857,0.214285714,9.5,1,2,1,1,3
1,5,44,14,2,4,4,1,5,5,0.428571429,0,10.5,2,4,0,2,2
1,9,42,12,2,3,3,1,0,5,0.142857143,0.214285714,9,2,8,1,2,10
1,4,43,13,2,3,4,1,0,5,0.5,0.107142857,10,1,4,1,2,5
1,8,37,13,1,5,4,1,5,5,1,0,9,3,6,5,3,7
1,4,44,11,2,4,3,1,0,5,0.107142857,0,9.5,0,2,0,2,8
1,5,42,1,2,5,4,1,5,5,1,0.214285714,10.5,6,8,0,1,8
1,6,44,22,2,4,2,1,5,5,0.642857143,2,7.5,1,2,2,1,8
1,5,41,37,1,3,4,2,5,5,0.5,0.071428571,10,1,2,2,0,7
1,8,35,15,2,4,3,2,5,5,0.214285714,0.214285714,10,2,3,0,1,5
1,6,28,23,2,5,3,2,0,5,0.5,0.107142857,9,2,9,2,3,3
1,4,40,28,2,5,4,1,5,5,2,0.214285714,11,1,3,3,1,8
1,6,34,14,2,4,2,2,5,5,0.5,0,9.5,5,8,2,3,4
1,6,40,33,2,5,4,1,5,5,3,0.107142857,10.5,3,5,3,3,6
1,7,36,8,2,5,2,1,5,5,0.214285714,0,9,6,8,3,4,4
1,6,39,27,2,4,4,1,0,5,0.5,0,9.5,4,8,0,5,0
1,7,41,4,2,3,3,2,0,5,0.035714286,0,9,1,4,7,4,5
1,7,37,43,1,5,3,1,5,5,0.214285714,0,10,2,10,5,3,4
1,4,31,23,2,5,2,2,5,5,2,0,10.5,1,3,2,0,8
1,5,30,20,2,4,3,2,0,5,1,0,10,7,3,5,2,7
1,8,40,28,2,5,3,2,5,5,0.214285714,0.5,9.5,2,2,4,3,4
1,9,39,13,2,3,4,1,5,5,2,1,9.5,1,2,0,0,6
1,8,46,13,2,5,2,2,0,5,0.5,0.5,9,4,5,0,2,5
1,9,39,14,2,4,4,1,0,5,0.107142857,0.25,10,2,7,1,2,4
1,9,47,13,1,5,5,1,5,5,3,0.214285714,8.5,0,7,0,3,5
1,6,42,23,2,3,4,1,5,5,0.428571429,0.5,10.5,3,5,0,1,5
1,9,47,13,1,5,5,1,5,5,3,0.214285714,8.5,0,8,0,3,6
1,5,46,23,2,5,3,1,0,5,0.214285714,0.5,10.5,3,4,0,3,3
1,5,71,13,2,5,4,1,5,5,0.5,0.214285714,9.5,1,3,1,1,9
1,5,42,40,2,5,4,2,5,5,0.214285714,0.214285714,10.5,7,7,6,3,6
1,9,42,38,2,4,4,2,0,5,1,0,9.5,7,8,4,5,4
1,4,28,44,2,4,2,2,5,5,1,0,9.5,4,5,7,5,8
1,8,38,14,2,4,4,1,5,5,0.5,0.214285714,8,3,4,0,2,3
1,4,39,28,2,4,2,2,0,5,0.035714286,0,11,2,6,0,1,5
1,9,39,14,2,4,4,1,0,5,2,0.428571429,9,5,8,2,3,4
1,6,37,1,2,3,4,1,5,5,0.428571429,0.107142857,10.5,2,4,4,1,7
1,5,41,23,2,4,4,1,0,5,1,0.214285714,10.5,3,7,3,1,4
1,6,38,27,1,4,4,2,5,5,0.5,0,9.5,6,5,2,1,7
1,7,34,30,2,3,4,1,0,5,1,0.214285714,11,4,7,1,2,5
1,8,51,28,2,4,4,2,0,5,0.5,1,9,2,3,1,2,10
1,5,38,34,2,3,3,1,0,5,1,0.214285714,9.5,5,4,5,5,4
1,9,46,10,2,3,2,1,0,5,0.5,0,9,1,3,1,3,4
1,5,41,10,2,4,4,1,5,5,0.25,0,10,5,9,5,7,3
1,4,45,38,2,5,2,2,0,5,1,0,8.5,3,4,3,2,3
1,6,33,28,2,4,2,2,5,5,1,0,9.5,2,2,1,6,1
1,4,33,1,2,4,4,2,0,5,0.5,0.214285714,10,4,6,4,1,5
1,8,39,9,2,4,4,2,5,5,0.071428571,0.107142857,9,2,2,3,2,5
1,5,36,18,2,3,3,1,5,5,0.5,0,8,2,3,1,1,4
1,9,31,9,2,6,3,1,5,5,1,0.642857143,8.5,2,5,1,2,3
1,6,37,30,2,5,3,2,5,5,1,0.214285714,10.5,2,5,2,0,7
1,9,37,13,2,4,3,1,0,5,2,0.214285714,10,2,3,0,3,4
1,9,33,30,2,6,3,1,0,5,3,2,8.5,5,8,10,0,7
1,9,46,36,2,4,2,2,5,5,1,0.107142857,9,3,4,2,1,5
1,6,33,28,2,4,2,2,0,5,0.5,0,10,1,3,0,2,5
1,7,39,1,2,4,4,1,5,5,0.428571429,1,7.5,2,4,0,6,2
1,9,40,14,2,5,2,1,0,5,1.5,0.428571429,8.5,5,5,0,1,3
1,9,39,40,2,4,3,2,5,5,0.214285714,0.214285714,9,9,5,6,5,3
1,4,43,13,2,4,4,1,5,5,0.5,0.214285714,9.5,1,4,1,1,3
1,4,45,27,2,3,4,2,0,5,0.214285714,0.214285714,9.5,0,6,1,2,5
1,4,37,23,2,4,4,2,0,5,0.5,0,9,3,0,2,0,9
1,6,42,17,2,4,4,2,5,5,0.107142857,0.214285714,9,1,3,1,2,5
1,7,45,20,2,4,3,2,5,5,0.5,0.214285714,9,2,4,1,3,9
1,9,38,34,2,5,4,1,5,5,0.5,0.214285714,7.5,6,4,0,4,5
1,7,46,13,2,4,4,2,0,5,2,0.035714286,9.5,2,2,0,4,6
1,9,37,5,2,4,4,1,5,5,0.5,0.214285714,9,4,7,0,0,6
1,4,39,22,2,7,4,1,5,5,1,0,10,3,7,5,4,3
1,5,40,13,2,3,4,2,5,5,0.5,0,9,3,5,5,4,5
1,6,48,11,2,3,4,1,5,5,0.5,0,8.5,3,6,4,1,3
1,4,42,14,2,3,2,1,0,5,0.214285714,0,10,4,5,2,3,6
1,9,47,1,2,4,2,2,0,5,0.428571429,0.5,9,1,3,6,2,9
1,6,37,10,2,4,4,2,5,5,1,0,9,0,2,1,0,7
1,5,43,14,2,4,3,2,0,5,1,0.214285714,9.5,2,4,4,3,6
1,6,36,27,2,6,2,2,5,5,2,0,10,6,7,3,6,4
1,7,45,15,2,5,2,2,0,5,0.107142857,0.214285714,9,2,5,3,1,2
1,9,42,14,2,4,3,1,0,5,0.5,0.5,9.5,2,1,2,1,6
1,7,48,30,1,4,4,2,5,5,0.071428571,0.5,8,2,4,1,2,5
1,5,35,6,2,5,3,1,0,5,1,0.214285714,9.5,2,2,0,3,1
1,8,45,1,2,6,1,1,5,5,0.035714286,0.428571429,10.5,4,5,4,5,7
1,7,42,13,2,3,3,1,5,5,0.071428571,0.25,8,4,4,1,6,5
1,8,33,14,2,3,4,2,5,5,3,0.214285714,9.5,3,4,2,0,9
1,7,45,20,2,4,3,1,0,5,0,0,9,4,6,1,6,6
1,7,43,4,2,4,4,1,0,5,0.25,0.107142857,9,1,2,0,0,3
1,6,45,23,2,6,3,2,5,5,0.107142857,0.214285714,9,2,4,6,3,6
1,9,46,13,2,4,4,2,5,5,0.107142857,0.214285714,11,5,5,5,5,5
1,4,44,8,2,3,4,2,5,5,0.428571429,0,10.5,4,6,0,4,4
1,5,35,23,2,3,3,1,5,5,0.107142857,0.428571429,8.5,3,5,4,3,9
1,8,44,28,1,4,2,2,5,5,0.214285714,0.214285714,9.5,3,2,3,1,6
1,8,45,14,2,4,3,2,5,5,0.25,0.214285714,9.5,0,2,1,0,9
1,7,35,23,2,2,3,2,5,5,0.5,0,8.5,1,4,1,1,8
1,7,41,14,2,4,4,2,5,5,2,0.857142857,9,6,5,1,0,7
1,4,33,27,2,3,3,1,5,5,0.5,0,9.5,2,3,1,1,3
1,4,34,27,2,3,3,1,0,5,2,0,9.5,2,5,0,1,5
1,9,44,13,2,4,4,2,0,5,0.25,0.214285714,10,2,4,0,0,4
1,9,41,1,2,5,2,2,0,5,0.035714286,0.214285714,9.5,2,2,0,0,5
1,4,37,11,2,4,2,1,0,5,0,0.214285714,11.5,7,8,6,1,0
1,4,39,13,2,3,3,2,5,5,0.428571429,0,9.5,4,4,6,3,9
1,5,39,28,1,4,4,2,5,5,0.214285714,0.214285714,9,0,0,0,2,6
1,7,44,34,2,4,4,1,5,5,0,0.5,10,2,8,4,3,3
1,8,40,27,2,5,3,2,5,5,1,0.214285714,9.5,3,3,0,2,6
1,4,40,1,2,4,2,1,5,5,1,0,9.5,3,4,2,3,9
1,4,32,23,2,3,4,2,5,5,1,0,10.5,1,2,2,0,9
1,6,41,14,1,4,4,1,5,5,0.107142857,0.071428571,9.5,3,5,1,2,2
1,5,36,13,2,4,2,1,0,5,1,0.071428571,8.5,2,5,1,2,7
1,6,44,28,1,4,4,1,5,5,0.071428571,0.214285714,9,5,5,5,2,1
1,9,38,29,2,4,5,2,5,5,0.5,0.214285714,9,5,6,3,2,2
1,9,37,28,2,4,4,1,0,5,2,0.214285714,9,3,2,0,0,9
1,6,37,33,2,3,3,1,5,5,0.214285714,0,8,5,7,3,3,5
1,5,35,24,2,3,4,2,0,5,0.214285714,0.5,9,1,0,0,0,6
1,6,39,28,2,4,3,2,0,5,2,0.214285714,8,2,1,6,0,9
1,9,34,33,2,4,4,2,0,5,1,0.5,9,0,3,0,1,6
1,5,25,47,2,5,2,1,5,5,0.5,0,8.5,2,4,0,3,3
1,5,33,1,2,3,3,2,0,5,0.071428571,0.214285714,11,0,1,1,1,6
1,5,42,1,2,3,3,2,0,5,0.5,0.107142857,10.5,3,4,2,5,3
1,9,39,23,2,4,4,2,5,5,0.107142857,0.214285714,8.5,2,3,2,1,6
1,4,26,6,2,2,2,2,5,5,0,0,9,2,4,0,4,0
1,6,35,11,2,4,3,2,0,5,0.035714286,0,10,0,3,2,3,5
1,9,42,28,2,3,4,1,5,5,0.5,0.5,9.5,0,4,2,0,8
1,7,41,31,2,4,4,2,5,5,0.107142857,0.214285714,10,0,0,1,1,8
1,7,47,23,2,5,2,1,5,5,0.035714286,0,8.5,3,6,2,5,3
1,9,52,3,2,2,5,1,5,5,1,0,9,1,1,2,0,10
1,4,39,1,2,5,2,2,5,5,0.5,0.071428571,9,4,6,0,2,3
1,8,44,25,2,4,4,1,5,5,0.5,0.214285714,9,2,2,1,3,6
1,6,40,7,2,6,3,1,0,5,0.035714286,0,9.5,4,6,0,4,2
1,8,43,9,2,3,2,2,5,5,0,0.107142857,10,1,6,6,2,3
1,6,46,40,2,3,2,1,0,5,0.035714286,0.428571429,10.5,5,10,6,7,2
1,9,45,23,2,2,4,2,5,5,0.5,0.107142857,8.5,1,6,4,2,7
1,7,33,27,2,3,4,1,5,5,1,0.214285714,10,2,4,1,1,6
1,6,48,14,2,5,3,1,0,5,0.428571429,0.5,9.5,2,4,4,2,5
1,6,42,11,2,3,3,1,0,5,0.035714286,0.107142857,9.5,1,6,2,4,4
1,7,41,26,2,5,2,2,5,5,0.5,0.428571429,8.5,2,2,5,1,5
1,6,59,22,1,3,2,1,5,5,0.035714286,0.107142857,7.5,2,2,4,2,3
1,9,41,1,2,3,2,2,5,5,0.035714286,0.107142857,8.5,0,2,4,3,7
1,9,61,13,1,5,3,2,5,5,0.071428571,0.214285714,9,4,7,0,5,7
1,9,51,14,2,3,2,2,0,5,0.5,0.214285714,9,1,5,5,1,6
1,9,44,13,2,3,4,2,0,5,0.035714286,0.5,8.5,2,0,5,1,0
1,7,40,13,1,5,4,1,5,5,2,0.214285714,9,4,6,0,1,5
1,9,31,27,2,5,2,1,5,5,0,0,9.5,2,4,2,0,10
1,7,33,27,2,3,4,1,5,5,2,0.214285714,10,5,5,8,5,8
1,9,42,6,2,3,3,2,5,5,0.214285714,0.5,8,2,4,5,1,6
1,6,30,23,2,5,4,2,5,5,1,0.107142857,10,1,2,2,0,8
1,5,40,27,2,4,3,2,0,5,0.5,0.214285714,10,4,3,1,6,3
1,5,40,25,2,4,4,2,0,5,1,0.214285714,10,1,2,2,0,10
1,7,32,43,2,5,3,1,5,5,1,0.5,9,2,1,0,1,9
1,4,44,37,1,6,3,1,5,5,1,0.214285714,10.5,2,4,1,5,1
1,7,41,33,2,4,4,1,0,5,0.035714286,0,10,3,6,6,8,4
1,5,40,45,2,4,4,2,0,5,1,0.107142857,11,6,8,1,1,2
1,8,37,13,2,5,2,1,0,5,0.428571429,0.5,9,1,4,0,0,6
1,6,41,13,2,3,3,1,0,5,1,0.5,9.5,1,3,2,1,7
1,9,43,22,2,4,4,1,5,5,0.428571429,0.5,10,1,5,1,3,6
1,5,48,23,2,4,3,2,5,5,1,0.5,9.5,2,4,2,2,7
1,5,30,9,2,3,2,2,5,5,0.428571429,0,9,6,7,7,4,6
1,4,31,14,2,4,4,1,0,5,2,0.214285714,10,3,5,0,0,6
1,5,40,13,1,4,4,2,5,5,1,0.214285714,9,5,6,5,5,5
1,4,36,27,2,5,4,2,0,5,1,0.214285714,10.5,3,2,2,2,6
1,5,39,38,2,6,2,2,0,5,0.035714286,0,8.5,3,5,2,3,1
1,4,34,28,2,3,2,1,0,5,0.5,0,10.5,0,5,3,4,9
1,8,42,6,2,3,2,1,0,5,2,0.214285714,9,1,3,0,2,4
1,8,30,28,2,3,4,1,5,5,0.642857143,0.214285714,10,5,9,7,4,8
1,8,36,41,2,5,1,2,0,5,0.035714286,0.214285714,8,7,8,8,3,10
1,6,41,22,2,5,3,1,0,0,0.035714286,0,8.5,2,5,2,3,3
1,6,39,40,2,4,3,1,5,5,1,0.5,9,2,4,0,1,9
1,4,28,35,2,3,5,1,0,0,2,0,8,2,7,1,5,4
1,5,30,42,2,5,2,1,5,5,0.5,0,9.5,0,4,0,0,10
1,4,33,23,2,5,3,1,5,5,1,0.214285714,9.5,3,2,0,0,8
1,7,43,13,2,4,3,1,5,5,0.214285714,0.5,9.5,2,2,2,2,10
1,7,38,7,2,4,2,1,5,5,1,1,9,2,3,2,0,7
1,5,31,24,2,5,3,1,0,5,1,0.25,9.5,5,2,3,4,5
1,7,41,21,2,4,4,1,0,5,0.214285714,0,9.5,3,4,0,5,0
1,9,50,23,2,4,3,1,0,5,0.035714286,0.5,9,2,6,2,4,2
1,8,47,40,2,5,5,2,5,5,1,0.5,7,2,2,1,2,2
1,8,41,27,2,4,2,1,0,5,0.035714286,0.214285714,9.5,2,4,0,1,2
1,5,37,11,2,4,2,1,0,5,0.5,0,10,2,4,2,4,5
1,4,43,11,2,3,4,1,5,5,0.25,0,8,1,3,1,0,8
1,5,29,5,2,4,2,1,0,5,0.25,0.214285714,9,6,8,6,5,5
1,5,32,27,2,3,2,2,0,5,3,0.5,8.5,3,1,1,0,3
1,6,38,45,2,3,3,2,5,5,0.5,0,9.5,2,2,5,4,5
1,9,28,13,2,8,5,1,5,5,2,3,10,1,3,0,0,10
1,5,37,40,2,5,3,2,5,5,0.107142857,0,11,1,3,1,2,4
1,8,39,27,2,4,4,1,0,5,0.107142857,0.107142857,9.5,5,6,8,6,0
1,7,47,10,2,3,2,2,0,5,1,0.5,10,1,2,1,1,2
1,4,42,27,2,4,4,1,5,5,0.035714286,0.107142857,8.5,0,0,1,0,10
1,6,45,17,2,3,2,2,5,5,0.035714286,0,9.5,4,4,5,3,1
1,5,41,14,2,5,3,1,5,5,0.5,0.107142857,9.5,1,2,0,2,5
1,5,39,23,2,7,3,1,5,5,0.25,0.214285714,9.5,3,4,1,2,7
1,8,42,44,2,3,1,2,5,5,0.071428571,0,9,3,8,4,2,6
1,4,35,22,2,4,4,1,0,5,0.25,0.107142857,10,4,5,0,5,4
1,9,45,1,2,4,2,2,5,5,0.428571429,0,8.5,0,2,6,1,10
1,8,44,40,2,4,3,1,0,5,1,1,9,1,6,3,2,5
1,7,47,13,2,3,2,1,5,5,0.5,1,10,0,4,0,0,10
1,8,46,14,2,3,3,1,5,5,0.5,0.5,9,3,3,2,3,6
1,4,37,16,2,4,2,1,5,5,0.107142857,0,8,3,4,4,3,5
1,5,39,40,2,4,2,1,0,5,0.214285714,0.5,11.5,0,0,0,5,10
1,9,36,13,2,3,4,1,0,5,0.5,0.5,9.5,0,2,5,6,6
1,5,49,41,1,3,4,2,5,5,1,0.5,8.5,2,5,3,1,4
1,6,40,27,2,4,4,2,5,5,1,0.25,10,5,1,1,3,4
1,9,41,45,2,5,2,1,5,5,0.214285714,0.214285714,8.5,2,2,1,2,5
1,5,40,26,2,4,3,1,0,5,1,0,10,3,5,1,1,2
1,7,27,18,2,4,2,2,5,5,1,0,10,2,3,2,2,5
1,6,45,1,1,5,2,2,5,5,0.214285714,0.107142857,8.5,2,2,2,2,5
1,4,37,7,2,4,5,2,0,5,1,0.035714286,10,4,6,3,2,8
1,7,36,11,2,4,3,2,0,5,0.214285714,0,10,4,5,4,0,6
1,9,38,23,2,4,4,2,5,5,0.5,0.214285714,8.5,0,3,0,0,6
1,4,35,43,2,4,3,2,5,5,0.5,0.214285714,8.5,6,6,4,2,6
1,4,40,27,2,5,3,2,0,5,0.035714286,0,10,2,2,0,3,3
1,9,43,14,2,5,3,2,5,5,2,0.214285714,8.5,1,4,0,1,6
1,6,40,14,2,6,4,2,5,5,0.5,0.214285714,10,1,2,0,3,3
2,5,46,12,1,4,3,2,1,5,0.107142857,0.107142857,8,1,2,0,0,9
2,5,41,8,2,3,2,1,0,0,2,0.214285714,10.5,2,5,0,2,5
2,9,45,12,2,4,3,1,5,0,0.5,1,9.5,2,2,1,0,7
2,4,37,14,1,4,4,2,1,0,2,0.214285714,9,0,2,0,3,6
2,8,48,11,2,4,4,2,1,0,2,0.214285714,8.5,1,4,0,0,5
2,4,34,12,2,4,4,2,3,0,1,0,9.5,0,3,1,3,6
2,6,38,14,2,4,2,1,5,5,1,0.214285714,9.5,1,3,2,3,7
2,4,34,1,2,4,2,1,3,4,0.214285714,0,9.5,5,4,5,4,5
2,6,37,13,2,4,2,1,1,0,0.25,0,9.5,6,10,3,3,5
2,9,44,13,2,4,2,1,0,0,0.035714286,0,9,1,4,1,2,5
2,9,46,14,2,3,4,1,0,0,0.5,0,7.5,0,3,5,6,10
2,4,47,28,2,3,3,2,0,0,3,0.5,10.5,5,9,1,2,1
2,8,45,26,2,3,3,2,5,0,0.5,0.214285714,9.5,4,4,3,1,5
2,9,41,10,1,4,2,1,7,0,0.25,0.107142857,9,0,2,1,0,7
2,8,40,46,2,4,3,2,0,0,0,0,9,4,4,4,6,3
2,6,35,15,2,4,4,2,2,0,2,0.214285714,10,0,3,2,0,6
2,6,44,14,1,3,4,1,3,0,0.5,0.107142857,9.5,1,6,4,7,4
2,4,41,30,2,4,3,1,4,5,1,0,9.5,2,5,0,2,3
2,8,47,5,1,4,5,1,5,0,0,0.214285714,8.5,4,9,6,9,5
2,7,34,40,2,4,3,2,0,0,0.5,0,10.5,0,2,2,2,6
2,9,38,26,2,3,3,2,0,0,0.5,0.107142857,8.5,2,1,0,4,8
2,6,42,40,1,4,4,1,1,5,1,0.214285714,9,4,6,1,1,4
2,6,37,27,2,3,5,2,3,0,0.214285714,0.5,10,0,0,0,0,10
2,5,38,34,2,5,2,1,0,0,1,0,10.5,4,7,4,4,5
2,9,47,14,1,4,4,2,0,0,0.5,1,9,0,2,5,2,8
2,4,39,27,2,3,3,1,0,0,0.5,0,8.5,4,8,3,4,0
2,4,32,11,2,4,4,2,0,0,0.5,0.035714286,10,5,4,1,1,5
2,8,42,28,2,4,4,1,1,0,0,0.214285714,9.5,1,5,4,5,8
2,7,36,5,2,6,3,2,5,0,0,0,10.5,3,7,3,0,6
2,4,46,27,2,3,3,2,0,0,0.5,0,11.5,2,2,3,1,8
2,7,43,8,2,5,4,2,0,0,0.035714286,0,8.5,0,2,0,0,3
2,4,42,40,2,5,2,2,0,0,1,0.214285714,10.5,1,0,0,1,7
2,5,39,33,2,2,4,2,5,5,0,0,7.5,2,2,2,2,5
2,7,47,4,1,4,4,2,5,0,0.107142857,0,9.5,1,5,2,3,2
2,5,40,13,2,4,4,2,1,0,1,0,10,0,1,0,2,5
2,5,38,28,2,4,4,1,1,0,1,0.214285714,10,4,5,5,2,4
2,9,41,28,2,4,3,1,5,0,0.071428571,0,7,2,5,1,2,1
2,6,38,21,2,3,3,1,0,0,0.5,0.5,9.5,4,8,3,5,3
2,9,44,40,2,4,3,1,0,0,0.107142857,0,8,0,3,0,2,8
2,7,43,38,2,4,1,1,0,5,2,0,10,2,10,3,4,3
2,4,46,12,2,4,2,1,4,0,1,0,8.5,2,4,2,6,4
2,5,47,5,2,3,4,1,2,0,1,0.214285714,9.5,0,2,1,0,8
2,5,40,23,2,3,3,2,3,0,0.5,0.107142857,11,0,0,0,0,10
2,5,36,9,2,3,4,2,2,0,0.214285714,0,10,0,2,4,4,6
2,7,38,27,2,3,3,1,3,0,0.035714286,0,11,6,10,4,6,2
2,6,39,38,2,5,4,1,1,0,0.214285714,0.214285714,9,3,2,0,1,6
2,4,32,13,2,4,3,1,0,0,1,0,10.5,3,8,2,4,8
2,9,42,33,2,4,4,1,0,0,0.035714286,0.107142857,8.5,2,3,4,4,4
2,4,32,13,2,3,4,2,0,5,0.5,0.035714286,10,2,4,4,3,4
2,4,47,1,1,3,2,2,4,5,0.428571429,0.035714286,10,0,4,0,2,8
2,7,52,47,1,5,4,1,0,0,0.5,0.214285714,9.5,1,9,2,1,9
2,4,43,14,2,4,3,1,0,0,0.107142857,0,9,1,2,0,1,7
2,6,41,17,2,5,2,2,5,0,0.642857143,0,9,1,6,1,2,5
2,8,43,3,2,3,2,1,0,7,0.214285714,0.107142857,11.5,0,0,0,4,4
2,8,38,1,2,4,1,2,5,0,0.214285714,0.428571429,8.5,1,4,1,1,6
2,7,38,21,2,5,4,1,0,0,1,0.214285714,9.5,1,2,0,3,7
2,7,42,13,2,3,2,2,4,6,0.214285714,0,8.5,0,4,6,3,6
2,6,48,14,2,3,4,2,0,0,1,0.5,9.5,6,6,7,7,5
2,9,38,27,2,3,4,2,4,0,0.428571429,0,9.5,0,1,0,1,8
2,6,45,10,2,5,5,2,5,0,0.25,0.5,9.5,2,4,1,2,6
2,7,27,40,2,2,2,2,0,3,0.5,0.214285714,9.5,2,3,3,3,9
2,6,32,28,2,3,2,2,0,0,1,0,10,0,1,1,2,6
2,6,55,11,1,4,1,2,2,0,0.107142857,0,9.5,1,7,0,0,9
2,5,51,28,1,3,2,1,0,0,2,0.214285714,10.5,5,5,4,4,5
2,9,42,26,2,4,3,1,0,0,1,1,9.5,3,8,1,0,9
2,5,44,11,2,3,3,2,1,0,0.25,0.214285714,9,2,5,1,3,2
2,8,43,40,2,4,3,2,0,0,2,0.214285714,8.5,1,3,0,2,2
2,9,42,5,1,7,3,2,5,0,1,0.5,8.5,0,1,5,3,9
2,8,45,27,2,3,2,2,0,0,0.428571429,0,9,2,7,1,1,9
2,6,39,1,2,4,2,1,0,0,1,0.071428571,9.5,0,0,2,1,10
2,8,40,14,2,4,3,1,0,0,2,1,9,6,5,0,0,5
2,5,40,12,2,4,3,2,0,0,0.5,0,10.5,6,7,0,5,3
2,8,37,27,2,4,4,1,2,0,0.25,0.5,10,1,3,1,0,8
2,8,41,26,2,7,2,1,0,0,3,0.107142857,9,3,2,2,4,3
2,8,36,21,2,5,4,1,5,0,1,0.857142857,9.5,5,6,1,3,1
2,8,35,13,2,6,3,1,0,0,0.5,0,9.5,7,10,3,1,3
2,6,36,21,2,4,2,1,0,0,0.25,0,10,5,7,0,2,6
2,9,49,6,2,5,2,2,5,1,0.214285714,0.214285714,9.5,1,4,3,1,4
2,6,43,29,2,3,4,2,5,4,0.5,0,10,2,3,7,1,4
2,8,38,21,2,4,4,2,5,0,1,0.214285714,10.5,3,8,5,4,4
2,7,36,29,2,5,3,2,0,0,0.214285714,0,10,1,3,2,1,6
2,7,47,38,2,5,2,2,0,0,1,0.214285714,8,1,4,0,2,7
2,7,36,10,2,5,4,1,0,0,0.5,0.214285714,9.5,3,4,2,0,7
2,6,48,2,2,3,4,1,0,1,0.5,0.214285714,10,3,4,1,2,3
2,5,32,1,2,3,3,1,3,3,0.071428571,0.642857143,10.5,4,6,6,5,5
2,4,39,13,2,4,1,2,0,0,2,0,9.5,2,6,1,0,6
2,8,35,17,2,5,3,1,5,0,0.214285714,1,7.5,2,6,1,1,4
2,9,48,27,2,4,3,1,0,0,2,0.5,9,2,3,3,0,9
2,8,38,17,2,4,4,1,3,0,0.214285714,0.5,9,1,6,0,3,2
2,7,33,1,2,6,3,2,7,0,0.25,0.214285714,10,2,7,1,1,6
2,5,39,12,2,4,4,1,3,0,1,0.214285714,8,8,10,9,3,4
2,6,29,26,2,5,3,2,4,1,0.5,0.214285714,9.5,3,3,5,3,8
2,5,41,14,2,5,4,1,0,5,0.5,0,9.5,4,7,6,5,5
2,7,48,4,2,5,2,1,4,7,0.5,0.107142857,9.5,2,3,0,3,5
2,8,42,39,2,6,2,1,0,0,0.5,0,8,4,8,0,0,6
2,9,47,12,2,4,2,2,2,0,0.107142857,0,9.5,2,1,3,1,6
2,9,47,23,2,5,1,2,0,0,0.5,0,9.5,2,7,1,3,5
2,8,38,35,2,4,4,2,0,0,3,0.107142857,9.5,2,5,1,2,4
2,7,34,22,2,3,3,1,2,0,0.035714286,0,9,4,6,7,2,6
2,8,35,1,2,5,2,2,0,0,0.428571429,0.214285714,10,0,8,6,7,7
2,7,51,11,1,5,4,1,0,0,1,0.214285714,10.5,0,1,0,1,10
2,9,38,15,2,4,3,2,5,0,0.5,0.214285714,8.5,2,2,1,4,5
2,7,44,13,2,3,4,2,1,0,2,0.214285714,9,2,7,1,0,4
2,8,43,11,2,6,3,1,0,0,0.5,0,10,3,5,0,1,5
2,9,37,14,2,6,2,2,0,0,0.5,0,10,2,9,10,4,7
2,9,54,14,1,4,4,2,0,0,0.035714286,0,9.5,5,6,0,3,4
2,4,45,13,2,3,4,2,0,0,0.214285714,0,10,2,1,3,0,8
2,7,41,36,1,3,5,1,5,0,0.214285714,0.214285714,10,2,4,0,1,1
2,7,40,15,2,5,3,2,0,0,0,0,8.5,2,4,3,4,6
2,4,42,28,2,3,2,2,0,5,1,0,9,2,5,2,3,5
2,5,33,27,2,4,4,1,0,0,1,0.107142857,10,4,1,3,1,9
2,4,39,14,2,3,4,1,0,0,1,0,10.5,2,3,0,7,9
2,8,44,19,2,3,3,2,5,0,0.25,0.214285714,9,2,7,1,2,7
2,7,41,13,2,5,4,1,0,0,0.5,1,10,4,1,3,2,7
2,7,35,30,2,4,4,2,2,0,0.5,0.035714286,10.5,3,5,5,4,6
2,7,37,12,2,4,4,2,0,0,3,0.428571429,10.5,3,2,1,0,8
2,4,36,35,2,4,5,1,0,0,2,0,10.5,3,3,1,3,6
2,4,46,14,2,4,3,1,4,0,1,0,9.5,3,5,2,2,6
2,6,44,28,2,4,2,1,0,0,0.214285714,0.214285714,9.5,4,5,1,1,9
2,4,36,40,1,5,3,2,5,0,1,0,10,2,3,3,3,7
2,5,40,29,2,4,3,1,0,0,2,0.214285714,10.5,2,3,1,1,7
2,7,43,40,2,3,3,1,0,0,0.071428571,0.214285714,9.5,3,9,8,1,3
2,5,46,13,2,3,4,2,0,0,0.5,0.107142857,10.5,0,0,2,1,10
2,4,40,13,2,3,3,1,0,0,3,0,10,3,6,0,1,4
2,6,48,29,1,5,4,1,5,5,1,0.035714286,9.5,2,3,9,2,10
2,7,45,34,2,4,4,2,0,0,0.428571429,0.214285714,9.5,3,0,2,1,6
2,5,38,11,2,4,4,1,4,0,0.214285714,0.107142857,10,3,5,0,3,3
2,9,43,27,1,5,4,1,1,0,2,0.428571429,9.5,1,2,0,2,6
2,7,42,42,2,5,4,2,0,0,0.035714286,0.035714286,10,5,4,4,5,5
2,9,50,4,2,4,4,2,0,0,1,0.5,10,1,1,1,0,7
2,5,43,33,2,4,4,1,0,0,1,0,8.5,4,7,2,2,8
2,8,64,11,1,3,4,1,0,0,0,0,8.5,0,1,0,3,4
2,4,49,11,1,3,2,1,5,0,0.5,0.035714286,11,5,6,9,4,8
2,5,43,27,2,6,3,2,0,0,0,0,9.5,0,3,1,2,8
2,5,33,23,2,3,3,1,4,0,3,1,10.5,4,3,1,2,5
2,9,48,28,2,4,2,1,0,0,0.214285714,0,8.5,1,2,0,0,6
2,7,42,15,2,5,2,1,0,0,2,0,9,7,8,2,4,5
2,9,45,11,2,3,2,2,0,0,0.107142857,0.214285714,10,0,2,3,1,10
2,4,32,6,2,8,4,1,0,4,0.25,0,9,3,2,3,0,7
2,9,43,28,2,4,4,2,0,0,1,0.5,10,0,2,0,1,9
2,5,40,13,2,4,4,1,0,0,1,0.071428571,9.5,2,4,2,4,2
2,9,39,13,2,4,3,1,5,0,1,0.214285714,8.5,0,3,2,3,6
2,9,42,4,2,6,3,2,0,0,0.142857143,0.214285714,9,1,6,3,6,7
2,6,49,13,2,5,4,1,0,0,2,0.214285714,9,2,2,1,3,6
2,5,28,10,2,6,2,2,5,4,3,0,9.5,1,3,7,3,10
2,5,29,39,2,3,2,2,0,0,0.142857143,0,9.5,0,2,5,7,8
2,5,47,7,2,4,2,2,5,5,0.428571429,0,9,3,5,1,1,5
2,8,51,26,2,2,2,1,6,6,1,0.107142857,9,1,7,2,5,8
2,4,40,40,2,5,2,1,0,0,0.071428571,0,9.5,1,4,1,1,7
2,8,44,26,2,4,4,2,0,0,0.5,0.107142857,9,6,5,2,3,2
2,5,35,13,2,4,2,2,0,0,0.5,0,10,1,2,1,1,6
2,5,44,35,2,4,3,1,0,0,0.5,0.071428571,9.5,5,5,0,2,7
2,7,38,14,2,3,5,1,0,0,2,0.214285714,9.5,1,4,0,1,5
2,8,47,27,2,3,3,1,0,0,0.142857143,0.5,9,2,0,3,2,5
2,5,40,23,2,3,4,1,0,0,1,0.071428571,10,3,5,2,2,5
2,8,34,13,2,4,4,1,4,0,0.214285714,0.25,9,4,5,2,1,6
2,9,43,21,2,4,3,2,5,0,0,0,9.5,2,2,2,4,7
2,9,40,13,2,6,4,1,1,0,0.5,0,9.5,10,10,6,5,0
2,7,42,12,2,4,4,2,3,0,3,0.214285714,8.5,1,0,1,1,9
2,8,34,12,2,3,3,1,0,5,2,0,9,4,10,2,2,5
2,7,51,27,1,4,4,1,2,0,1,0.214285714,7.5,3,5,1,1,5
2,8,37,10,2,4,4,2,0,0,0.5,0,9,1,5,1,2,3
2,5,42,12,2,3,2,2,0,0,1,0,10,1,4,1,4,8
2,6,32,46,2,3,3,2,5,5,0.5,0.107142857,9.5,2,5,3,3,9
2,6,30,23,2,5,4,2,1,1,0.5,0.214285714,10.5,1,3,1,2,4
2,8,42,14,2,3,4,1,0,0,2.5,0.642857143,9.5,3,1,0,3,6
2,9,42,28,2,3,3,1,0,0,0.071428571,0.5,8.5,6,10,4,7,0
2,7,36,27,2,4,3,1,7,5,1,0,9,8,7,8,6,9
2,7,46,28,2,4,3,2,0,0,0,0,9.5,1,3,2,2,6
2,9,44,42,2,4,4,1,0,0,0.5,1,9,2,1,0,0,9
2,6,33,37,1,3,4,1,3,0,2,0.214285714,8.5,4,7,6,6,6
2,8,39,14,2,5,4,2,3,0,3,1,10,0,0,0,0,7
2,9,45,13,2,5,3,1,0,0,2,0.5,9,3,3,2,1,5
2,6,34,40,2,3,2,2,0,0,0.428571429,0,9.5,2,6,1,4,5
2,4,44,12,1,6,5,2,0,5,2,0.214285714,11,2,5,1,2,8
2,6,51,30,1,4,2,1,5,5,1,0.214285714,9.5,1,2,0,0,4
2,7,42,13,2,4,4,1,4,0,0,0.035714286,10.5,4,9,1,6,0
2,9,48,13,2,3,3,2,3,5,0.214285714,0.214285714,8.5,1,0,2,3,10
2,6,35,13,2,4,3,1,0,0,2,0,9.5,6,7,2,1,0
2,7,38,27,2,3,4,1,0,0,0.071428571,1,10,3,4,4,2,8
2,8,36,14,1,3,4,1,5,0,1,0.214285714,9,6,5,5,5,5
2,6,42,9,2,4,4,1,0,0,3,1.5,10,2,2,1,0,0
2,9,42,23,2,4,4,1,5,0,0,0.5,9,2,9,4,3,6
2,6,42,44,2,6,2,1,0,0,0.5,0.5,10,2,5,1,2,5
2,8,47,14,1,5,4,1,2,0,0.5,0,9,2,4,4,2,9
2,6,35,13,2,4,3,1,0,0,2,0,9.5,6,7,1,2,0
2,8,32,14,2,3,2,1,0,5,2.5,0,10,1,4,0,2,7
2,4,39,22,2,5,3,2,3,0,2,0.214285714,10,2,3,1,0,4
2,7,43,14,2,3,5,1,0,0,2,0.428571429,8,1,2,2,1,7
2,6,48,13,2,5,3,2,0,0,2,0.214285714,10,2,7,1,3,5
2,9,39,23,2,6,3,2,3,0,0.035714286,0.5,9.5,1,1,1,2,6
2,9,43,15,2,5,3,1,4,0,0.214285714,0,9,2,1,5,1,10
2,5,33,46,2,3,4,2,0,0,2,0.214285714,10,3,4,0,0,6
2,5,49,13,2,3,3,2,0,0,1,0.214285714,11,1,4,3,2,6
2,8,50,14,2,3,2,2,0,0,0.214285714,0.214285714,9.5,3,0,0,6,7
2,7,38,12,2,3,3,1,0,0,0.5,0.214285714,9.5,1,4,2,2,4
2,5,47,1,2,4,2,1,6,0,0.214285714,0,10,2,4,0,3,4
2,7,41,43,2,5,2,2,0,0,0.071428571,0.214285714,9.5,1,1,0,0,5
2,7,44,13,2,4,3,1,0,0,0,0,9,0,4,2,1,6
2,9,46,23,2,4,2,2,0,0,0,0,9.5,5,8,4,2,4
2,4,31,11,2,8,4,2,2,0,0.5,0.428571429,10,1,3,0,1,6
2,9,43,23,2,5,4,1,0,0,0.25,0.071428571,10.5,3,5,2,4,4
2,5,37,13,2,4,4,2,2,0,1,0.214285714,10,5,5,5,5,4
2,8,41,14,2,4,4,2,0,0,1,3,10.5,0,0,0,0,10
2,4,38,13,2,3,3,2,0,0,1,0,10.5,5,6,1,1,5
2,9,41,12,2,3,3,1,3,0,0.107142857,0,10,3,6,5,2,6
2,5,39,13,2,4,4,1,0,0,1,1,10.5,1,5,0,0,5
2,5,41,10,2,4,4,1,5,0,0.5,0,10,2,7,3,5,5
2,9,38,12,2,3,4,2,0,0,0.5,0.214285714,10.5,0,2,0,1,9
2,7,46,1,2,3,4,2,0,0,0.107142857,0.107142857,9.5,3,1,0,1,5
2,4,37,45,2,5,2,2,5,5,0.5,0,9.5,2,4,6,1,8
2,7,39,13,2,3,2,1,0,0,0.5,0.214285714,10.5,4,3,3,5,9
2,6,32,13,2,2,2,2,5,5,0.107142857,0,9,0,2,0,1,5
2,8,45,25,2,7,3,2,5,0,1,0,9.5,1,3,0,2,5
2,5,47,21,2,6,5,2,2,0,1,1,8.5,0,0,0,0,10
2,5,33,1,2,3,2,1,0,0,0.5,0.642857143,8.5,3,7,6,3,5
2,6,39,26,2,3,3,2,4,3,2,0.214285714,9,2,1,4,2,9
2,9,39,13,2,3,3,2,0,0,0.107142857,0.25,9,3,0,2,4,8
2,4,40,13,2,4,4,1,3,0,0.107142857,0,8.5,1,4,0,3,2
2,6,40,13,1,4,5,2,0,0,0.25,0.25,9,2,4,2,2,3
2,9,36,13,2,3,4,1,0,0,0,0.107142857,8.5,4,9,6,4,6
2,6,38,13,2,4,4,2,0,0,2,0.214285714,9.5,2,6,2,1,7
2,5,42,4,1,4,2,1,0,7,5,0,10,5,6,5,6,7
2,6,41,31,1,5,4,1,4,0,0.642857143,0.428571429,8.5,5,4,7,7,10
2,4,44,20,1,4,5,1,0,0,1,0.214285714,10,0,2,1,2,9
2,9,47,38,2,3,2,1,5,0,0.642857143,0.214285714,9.5,2,3,5,3,5
2,5,36,22,2,3,4,2,4,4,0.5,0.5,10,0,2,1,3,7
2,9,40,27,2,4,4,2,0,0,0.25,0.5,10,1,8,0,6,4
2,7,37,13,2,3,2,2,2,0,0.214285714,0,9,1,2,2,2,9
2,6,37,23,2,4,4,2,0,0,0.5,0.214285714,10.5,3,3,1,2,5
2,5,42,26,2,4,3,1,0,0,0.071428571,0,10.5,1,3,1,1,6
2,8,44,13,1,4,3,1,6,0,0.035714286,0,9,3,4,3,1,6
2,8,43,39,2,5,4,2,0,0,0.25,0.107142857,10,3,6,1,3,6
2,4,39,15,2,4,3,2,4,4,1,0,9,0,3,2,2,9
2,8,49,3,2,7,2,2,6,5,0.107142857,0,9.5,3,2,0,3,10
2,9,39,27,2,3,3,1,0,0,0.035714286,0,9,2,0,6,0,10
2,9,42,12,2,4,3,2,0,0,2,0.428571429,9.5,1,0,0,2,6
2,5,38,11,2,4,3,2,0,0,0,0,10,3,5,3,4,5
2,8,46,13,2,5,4,2,4,0,0.214285714,0,9.5,4,7,0,1,5
2,9,42,40,2,5,2,1,4,0,0.035714286,0,10,2,4,0,1,5
2,8,50,27,2,3,3,2,0,0,0.142857143,0,9,2,2,0,3,4
2,8,42,13,2,4,4,1,0,0,2,0.5,9,2,6,1,1,5
2,7,35,28,2,5,2,2,0,0,0,0,8.5,4,4,1,3,0
2,5,36,13,2,3,2,2,0,0,0.214285714,0.214285714,10,2,3,5,1,9
2,7,45,34,2,3,4,1,0,0,0.214285714,0.214285714,8,2,2,5,5,7
2,4,41,34,2,5,4,2,0,0,0.5,0,10,2,5,1,1,6
2,6,45,29,2,4,4,1,0,0,0,1,8,2,4,1,6,0
2,4,37,23,2,5,3,2,4,5,1,0,11,5,3,5,2,4
2,6,33,7,2,4,2,1,0,7,3,2,9,6,4,6,6,6
2,6,36,34,1,5,4,1,1,0,3,1,10,0,2,0,2,8
2,5,38,28,2,3,4,1,0,0,0.142857143,0,9,1,4,3,2,8
2,7,41,4,1,4,4,2,5,5,0.5,0.107142857,9.5,2,6,2,1,7
2,9,43,23,2,4,4,2,0,0,0.214285714,0,9,1,4,2,0,3
2,5,50,17,1,3,4,2,1,1,0.035714286,0,9.5,0,4,2,2,5
2,6,37,14,2,4,3,1,0,0,0.214285714,0.5,10,4,6,5,3,2
2,4,38,40,2,3,5,2,4,4,0.25,0,9.5,2,4,4,1,4
2,4,44,43,2,5,2,2,0,0,0,0,9.5,3,4,0,4,10
2,5,39,14,2,4,3,1,0,0,2,0,10.5,8,6,10,6,9
2,8,32,13,2,3,3,2,0,0,0.035714286,0,10,5,6,6,2,7
2,6,41,46,2,4,3,1,0,0,0.214285714,0,9.5,2,7,2,6,5
2,5,47,22,2,7,3,1,5,5,1,0,10,0,1,0,0,8
2,7,38,11,2,3,3,1,4,0,0.5,0.5,10,0,0,0,3,7
2,6,45,42,2,4,3,2,0,0,0.071428571,0,9.5,1,2,1,2,10
2,8,42,13,2,4,4,1,0,0,2,0.214285714,10,1,2,0,0,4
2,6,39,24,2,3,2,1,0,0,1,0.035714286,10,3,9,5,4,6
2,8,38,28,2,3,3,1,1,0,0.25,2,9,2,3,2,1,3
2,9,47,20,2,4,4,2,0,0,0.25,0.107142857,9,4,3,0,1,8
2,5,45,5,2,5,3,1,1,3,1,2,8.5,5,4,2,3,5
2,6,37,13,1,4,4,2,2,0,2,0.214285714,9,1,4,1,2,7
2,5,48,12,1,3,5,1,1,0,1,0,9,1,5,1,2,7
2,8,41,14,2,3,2,2,1,0,0.035714286,0,11,0,3,4,2,10
2,6,35,38,2,4,2,2,5,3,1,0.214285714,10,0,3,4,3,9
2,8,46,38,1,5,2,1,0,0,0,0,10,2,5,2,2,2
2,9,36,40,2,2,2,2,5,0,0.071428571,0,8,5,8,4,7,4
2,9,49,28,1,5,5,1,2,0,0.5,0.214285714,9.5,5,6,5,6,4
2,7,42,1,2,4,3,1,6,0,0.25,0.214285714,9,3,2,0,2,8
2,5,32,23,1,3,2,2,3,0,0.5,0.214285714,9.5,6,8,8,4,7
2,8,42,23,2,3,3,2,0,0,0.035714286,0,10.5,3,2,2,4,5
2,8,39,23,2,5,2,1,0,0,1,0.214285714,10,3,5,0,4,4
2,9,43,40,2,3,4,2,2,0,0.214285714,0.214285714,9,3,7,6,7,5
2,7,44,10,1,4,4,1,5,0,0.5,0.107142857,10,0,3,0,2,5
2,7,43,10,2,3,2,1,0,0,0.5,0.5,9.5,7,4,3,2,5
2,4,31,23,2,4,4,2,0,0,0.5,0,10.5,5,2,2,1,3
2,4,45,8,2,4,4,1,0,0,0.25,0.107142857,8,1,4,0,2,9
2,4,40,13,2,5,4,2,2,0,2,0,10,3,3,1,0,9
2,5,36,13,2,3,3,1,0,0,0.214285714,0,8,6,10,4,5,1
2,9,38,13,2,4,3,2,4,5,5,0.214285714,9.5,4,3,2,3,5
2,7,39,28,1,4,4,2,0,0,2,0.428571429,8.5,0,2,3,2,10
2,7,42,12,2,3,3,1,0,0,0.5,0,10,1,1,0,7,3
2,8,45,34,2,5,3,1,0,0,2,0,9,1,4,0,0,6
2,5,32,8,1,4,4,2,3,5,0.214285714,0,8,2,5,3,2,4
2,4,33,25,2,5,2,2,0,0,1,0,9.5,0,2,0,6,6
2,6,34,1,2,5,2,1,0,0,0.071428571,0,10,5,7,1,3,6
2,6,39,6,2,6,3,1,0,5,0.214285714,0,9.5,1,3,1,3,5
2,8,38,1,2,5,4,1,5,0,0.107142857,0.214285714,10,4,5,1,4,4
2,7,37,1,2,6,2,2,0,0,0.25,0.035714286,10,4,6,4,5,4
2,8,43,47,1,6,3,1,0,0,1,1.5,9,2,4,0,0,3
2,6,35,13,2,4,3,2,0,0,0.5,0.214285714,10,2,1,1,2,7
2,7,36,40,2,4,3,2,0,0,1,0.214285714,9.5,1,7,2,1,5
2,4,35,34,2,3,3,1,5,5,0.5,0.214285714,9,1,4,2,4,4
2,9,44,17,1,3,4,1,3,0,0.107142857,0,9.5,3,4,1,4,3
2,4,41,18,2,4,4,2,3,0,0.035714286,0.035714286,9.5,4,5,5,5,5
2,9,34,29,2,5,4,1,2,0,1.5,0,10,6,10,2,2,6
2,6,38,23,2,3,3,1,1,4,0.035714286,0.035714286,10,4,6,5,5,5
2,6,37,1,2,4,2,2,4,0,2,0.214285714,10,1,4,1,1,5
2,8,43,26,2,4,2,1,1,0,1,0,9.5,4,8,2,1,5
2,6,39,25,2,6,4,1,0,0,2,0,9.5,2,2,2,3,7
2,9,45,23,2,4,3,1,0,0,0.214285714,0.5,11,4,5,1,0,4
2,7,41,26,2,3,5,2,5,5,0.5,0.214285714,10,1,2,2,3,9
2,9,37,28,2,2,2,1,4,0,0,0,9.5,0,5,4,3,5
2,6,46,12,2,5,4,1,0,0,0.214285714,0,9.5,2,6,1,2,5
2,9,43,28,2,3,4,1,3,0,0.071428571,0.214285714,12,3,3,2,2,5
2,8,42,21,2,3,3,2,0,0,0.25,0.107142857,11,1,2,3,1,6
2,6,35,6,2,6,3,2,0,1,1,0,11,2,2,2,3,4
2,9,34,27,2,2,3,1,1,0,0,0,9,1,6,2,6,6
2,7,34,4,2,4,2,2,0,0,0.5,0,10,1,1,0,4,8
2,7,38,33,2,5,3,1,3,4,0.035714286,0,7.5,2,7,5,3,4
2,9,45,21,2,3,4,2,2,0,1,0,9,4,4,6,2,9
2,9,33,24,2,3,4,2,3,0,1,0.5,8.5,0,3,4,2,8
2,4,37,25,2,3,4,2,0,0,2,0.214285714,10.5,3,5,0,1,5
2,4,31,24,2,3,2,1,5,5,1,0,11,4,6,5,1,6
2,5,40,12,2,3,2,2,0,5,0.107142857,0,10.5,2,8,3,5,7
2,4,48,4,2,3,2,2,0,0,0.107142857,0,9.5,3,3,5,3,4
2,9,45,37,2,4,2,2,5,0,0.035714286,0.214285714,11,0,0,1,2,10
2,7,39,35,2,3,3,2,5,0,1,0.5,10,0,2,0,4,6
2,9,46,14,2,3,4,1,4,0,4,0,10,4,5,0,1,1
2,7,33,23,2,3,4,2,0,0,0.25,0.214285714,9.5,2,3,9,6,10
2,5,40,23,2,3,3,1,5,0,1,0.107142857,9,3,5,3,3,5
2,7,37,25,2,4,2,1,2,0,0,0,9.5,4,5,3,3,7
2,6,30,27,2,3,4,2,0,0,1,0,9.5,2,7,2,1,6
2,6,38,23,2,6,2,2,4,0,0.25,0,9.5,0,1,2,3,6
2,6,43,26,2,3,4,2,0,0,4,0.5,11,3,1,1,2,8
2,7,42,12,2,4,3,2,2,0,1,0.214285714,9.5,2,4,5,2,5
2,5,36,25,2,5,2,2,4,5,0.5,0.107142857,9,1,5,3,1,7
2,8,47,22,2,3,4,2,5,0,0.25,0.107142857,10,7,8,6,4,6
2,8,38,23,2,4,3,2,4,0,3,0.214285714,10,1,4,0,0,6
2,7,46,13,2,5,2,1,0,0,1,3,9,3,0,0,0,10
2,7,48,14,2,3,3,2,2,0,0.214285714,0,9,2,4,1,2,9
2,4,36,13,2,4,4,1,0,0,2,0,9.5,1,3,6,1,6
2,6,39,23,2,4,4,1,0,0,1,0.214285714,11,2,5,3,2,8
2,4,43,14,2,5,2,2,1,0,0.5,0,9,2,4,0,4,2
2,7,45,34,2,5,3,2,2,0,0.071428571,0.5,9,0,0,0,1,8
2,4,42,27,1,4,4,1,3,0,0,0,10,3,3,3,6,4
2,9,44,27,2,5,4,2,0,0,1,0.214285714,9,2,4,0,0,8
2,5,37,20,2,2,4,1,6,5,0.5,0.5,9.5,1,7,4,3,5
2,6,46,11,2,6,2,2,0,0,0.071428571,0.214285714,9.5,0,3,1,0,10
2,8,32,40,2,4,3,2,0,0,1,0.107142857,9,0,2,6,4,10
2,7,41,12,2,4,3,2,0,0,0.035714286,0,10.5,2,8,0,1,3
2,9,36,23,2,3,4,2,0,0,0.107142857,0.5,9.5,1,0,0,2,9
2,9,43,14,2,4,4,2,3,0,1,0.214285714,9,3,3,2,5,4
2,7,45,12,2,4,4,2,2,0,0.214285714,0.214285714,9.5,5,5,1,3,5
2,6,38,34,2,5,2,2,0,0,1,0.214285714,10,1,2,0,2,3
2,9,51,4,2,3,2,2,0,0,1,2.5,9.5,1,3,1,4,10
2,6,44,20,2,4,4,2,0,0,2,0.5,10,3,4,3,1,5
2,6,40,27,2,3,3,1,5,2,3,0,8.5,5,7,5,3,8
2,6,42,24,2,3,4,2,0,0,0.5,0,8.5,1,2,3,5,2
2,7,43,11,2,7,4,1,0,0,3,0,10.5,4,2,0,1,9
2,9,47,37,1,3,1,2,0,0,0.071428571,0,9.5,3,8,4,6,6
2,4,43,27,2,3,2,1,0,2,1,0,7.5,4,8,1,3,3
2,6,35,21,2,5,3,1,4,0,0.25,0.214285714,9,2,3,1,1,7
2,9,49,14,2,3,4,1,2,0,0.214285714,0.214285714,10,0,0,0,1,9
2,7,43,1,2,4,3,1,4,0,0.214285714,0.214285714,9.5,4,5,4,2,4
2,8,41,23,2,4,3,2,5,5,2,0,8.5,2,1,1,2,10
2,6,43,24,2,3,4,2,0,0,0.5,0.5,10,3,1,6,6,10
2,4,40,27,2,4,3,2,0,0,0.214285714,0,11.5,1,2,0,2,7
2,6,37,1,2,4,5,1,4,0,0.107142857,0,10,2,6,0,5,5
2,6,37,15,2,4,3,2,5,0,1,0.107142857,8.5,1,0,0,0,10
2,5,41,14,2,4,2,2,0,0,1,0.214285714,9,2,3,3,4,8
2,6,42,21,2,5,2,2,2,0,0.107142857,0,9,1,5,4,1,5
2,5,59,32,1,4,4,1,0,0,1,0,10,2,4,0,1,6
2,4,36,12,2,4,4,2,0,0,2,0,10,4,6,1,0,6
2,7,39,13,2,2,3,2,5,0,0,0,9.5,7,8,9,2,5
2,5,31,29,2,4,3,2,0,0,2,0.5,11,0,2,2,2,10
2,6,41,12,2,5,3,2,0,0,1,0.214285714,9.5,0,4,0,3,10
2,8,43,21,1,7,2,1,1,0,1,0,9,2,3,0,2,6
2,4,26,37,2,3,4,2,0,0,0.5,0.214285714,9,5,3,3,3,5
2,5,38,13,2,5,1,1,0,0,0.035714286,0,9,8,2,4,5,7
2,4,32,14,2,4,3,1,0,0,0.035714286,0,9,2,5,3,3,4
2,4,32,22,2,4,4,1,5,5,0.5,0,10,7,7,3,5,4
2,4,40,28,2,6,4,1,0,0,3,0.214285714,12,2,2,3,4,8
2,4,43,40,2,5,3,1,5,0,3,0,10,3,5,3,3,5
2,8,42,28,2,3,4,2,3,0,1,0.107142857,8.5,1,6,1,3,10
2,4,39,27,2,4,4,1,0,0,0.25,0.214285714,11,1,2,1,1,5
2,5,50,11,2,3,4,1,0,5,2,0,10,1,0,1,3,9
2,7,34,28,2,5,2,1,0,0,2,0.214285714,10,3,2,2,1,4
2,5,39,11,2,4,4,1,0,0,0.25,0.107142857,9.5,1,4,2,4,4
2,9,41,23,2,4,4,1,0,0,0.5,0.214285714,9.5,2,0,0,4,7
2,9,46,31,2,6,2,1,0,0,0.107142857,0,8.5,0,1,6,8,0
2,5,35,33,2,5,4,2,0,0,0.5,0.5,10,1,2,1,2,6
2,6,39,11,2,4,3,1,0,0,0.035714286,0.5,10,2,3,5,3,4
2,4,42,28,2,5,3,2,5,0,0.5,0.214285714,10,4,3,0,3,6
2,4,33,13,2,5,4,2,0,0,1,0.214285714,11,2,5,2,2,8
2,8,39,4,2,7,1,2,0,0,0,0,9.5,5,5,5,4,9
2,5,33,24,2,6,4,1,5,5,3,0.5,8,3,10,5,9,0
2,4,34,18,2,5,4,2,4,0,5,0.214285714,9,5,6,1,1,4
2,7,35,32,2,3,2,1,4,0,0.5,0,9,3,1,5,0,9
2,5,33,28,2,4,4,2,0,0,2,0.107142857,10.5,1,3,1,0,3
2,4,39,24,2,5,2,1,0,0,1,1,10.5,3,4,0,4,0
2,5,31,25,2,4,2,2,0,0,0.035714286,0.214285714,9,2,3,5,1,5
2,8,32,27,2,4,2,2,5,0,0,0,9,0,2,2,1,8
2,5,42,4,2,5,3,2,0,0,1,0,11,1,3,0,3,5
2,4,37,9,2,3,1,1,0,0,2,0,9.5,6,9,1,5,2
2,7,35,25,2,5,2,1,0,0,2,0,9,3,4,2,1,8
2,8,43,24,2,3,2,1,0,0,0.5,1.5,9.5,5,7,2,2,6
2,8,40,27,2,4,4,2,0,0,1,0.214285714,10,1,4,1,0,10
2,8,52,11,1,4,2,2,0,0,0.5,0.214285714,9.5,3,4,5,3,9
2,8,46,28,2,2,4,1,5,0,0.071428571,0.107142857,9,2,5,0,1,6
2,8,44,19,2,6,3,2,2,5,0.071428571,0.214285714,9,4,4,2,1,10
2,5,30,12,2,3,3,2,0,0,2,0.107142857,10.5,3,4,7,4,7
2,8,38,28,2,4,3,2,0,0,1,0.214285714,9.5,1,1,0,1,5
2,5,35,21,2,2,2,2,0,0,1,0,9.5,2,4,3,3,5
2,8,47,14,2,5,3,1,0,0,0.071428571,0.214285714,10,2,3,1,3,3
2,4,32,26,2,6,4,1,4,0,1,0,11,2,6,0,3,4
2,5,36,27,2,4,3,2,2,0,3,0.5,10.5,1,2,1,0,10
2,4,25,4,2,4,3,1,0,5,0.25,0,10.5,6,7,2,2,9
2,4,36,30,2,6,2,1,4,0,1,0,9.5,1,3,1,3,4
2,4,34,15,2,5,3,1,0,0,1,0,9.5,4,6,3,2,7
2,4,42,13,2,3,4,1,0,0,0.5,0.107142857,9.5,3,2,1,2,1
2,4,42,12,2,4,4,1,3,0,1,0.035714286,9.5,2,4,0,3,2
2,4,42,27,2,3,3,1,1,1,2,0.214285714,9.5,2,3,1,5,2
